variant,fg,bmi,proins,bw,wc_female,height,whr,fi,wcadjbmi,fg2hr,bodyfat,whradjbmi,leptin,urate,homair,cir,hipadjbmi,hba1c,homab,bl,sat,vat,whr_m,incr30,isi,isibmi
9:136149229,2.453287194572059,0.13196311504117575,0.04652238861323118,2.497852509134512,0.09979008950587696,-1.7098299430832558,0.8191973892341305,-0.10804329561458267,0.032287560085886576,0.11954479959354028,0.739660559065355,0.7619282708378234,3.441701633656322,-0.5495629737340917,0.9689337651561265,-2.1497294943140686,-0.5926108773183072,3.5868033111131203,-0.6165942141902623,0.2730722742119003,-2.079881569974164,-0.04950609988617943,2.524034677884806,-0.755790785457015,-0.3414466094195936,-0.05238190037488324
4:185714289,-3.527498178272121,0.6928063539661727,-7.504732862374419,1.3487793241939854,0.10929390755405571,0.10096138711539224,-0.061730299720657,0.2785892106942871,-0,-2.560153390848046,0.47532801368220884,-0.5442344791698739,-0.2798440254003117,-0.8310393977230257,-0.6591179530999356,5.388661553693212,0.3950739182122047,-4.641012862725004,1.7113635332627686,2.0749259161434463,1.165468058726004,2.4297045970050593,0.48651682921547706,7.0339618180241485,-2.2884582928132557,2.0475679462013345
3:64705365,-2.496728440328693,1.8886333991376878,-4.330074133317537,-1.1743743665345616,-1.5131134312483716,-0.9187486227500693,-3.4859463371665127,-0.6553178024286072,-2.8251615075150767,-3.729391526905982,1.8366397661931262,-4.7408870185464576,-0.14109782793293027,1.1910760598715353,-2.1272500389564044,0.02907370884783315,2.46921198882628,-0.9773728745680216,-0.41106280946017487,-4.033213984929717,5.293990504043544,-5.965616165004293,-0.12620173389424028,1.8171068029895718,-0.27921381084563657,-0.6087364164382346
3:123065778,-6.317709503263336,1.9354590206039115,-8.255206148611862,7.295068920562566,1.2847189510599382,-2.3557656993591523,0.4914334104590839,2.1552674390985307,-0.37668820100201017,-8.68225932548468,3.1427937746751313,-0.5502815289384281,0.4997923061720662,-1.331793906607413,-0.24180165262363223,2.4228090706527623,-0.3232422967190766,-4.249072549929759,4.588608105601952,6.940007725334438,0.3753202223015945,-0.5135960936758662,1.078062269198256,-5.321527065898032,4.241390745702764,0.18751411717843802
8:41519248,1.8329157200825725,-0.34945787872015066,-3.1629142331846216,4.449495677556492,-0.13501012109618646,0.4832784045008849,-0.9117090420281649,-3.463541538361407,-0.6954243710806339,3.5136416038618346,0.6483247535178887,-1.0815148511059105,-0.28412850282384583,-0.9955705269065249,-2.1375266091929093,-6.814150511210894,0.17344708604438255,3.722316205220215,-4.2188025181438995,1.153266400797831,2.706256339753603,1.7975863278655317,-0.8676369205229019,-4.506424871414138,-3.4651149858791817,-2.3006381417992525
5:55806751,2.3067914916161154,-0.9815542175919836,0.44280799264584697,-2.3528076306493118,-3.519263823240594,-1.5277833432608618,-4.054706002704207,4.660037706158985,-3.7173177730461524,3.5787090409703874,-3.4673437200337385,-4.054706002704207,-0.9284237077986812,3.9953817198222388,3.014460602707949,5.451320408968716,0.838327582547849,-0.5996038717672763,1.5331531812298411,-1.7738774932805037,0.9481774037092915,8.118769019260808,-4.253465846065135,8.216482935257194,-5.630811852053671,1.9227162421646677
5:55856375,1.3866405882363806,-0.7816276813977335,2.5325127067085136,-0.5637161668253208,2.5501911762613,-0.8165593268724629,2.2050637295564917,1.4207432030972516,3.2850715203663676,2.6840317807277905,-3.267085053899571,3.2324229671907663,-2.7567657900566815,1.788976889472644,1.9102330557266949,-0.6150207640887781,0.6441422579546816,2.805001221413133,0.9750792224404147,-2.611161368004603,-1.0271921873517325,-2.390197205183839,-0.7836720572464921,0.27256602044843575,-4.972665012203241,-2.2982905518586407
11:72433098,-4.1790478417882655,2.1197884511376173,33.30548687543406,-0.35756954873089847,2.723085493295965,0.8348244697103995,0.7111330527819687,3.1256350468139527,0.6278136683366835,-4.5521179001143315,2.873411451131549,-0.5410794966819326,1.7108111636867795,2.5915989533982087,2.100987692796449,5.922422172706752,1.3580665938544538,-3.102555560164229,4.875396112202075,0.9114431190204745,-0.21729065501671263,3.535911567999233,0.883412137259682,3.50442026290846,1.7550582396011438,-2.275075495779261
5:53271420,1.4381338726801725,-1.7888333372248273,3.7081007654835485,0.10512544732688414,-0.5697235606541202,1.2422983180214278,-0.5926108773183072,2.2272239036789268,2.0403944220942214,3.32819940810246,0.11972547713048118,0.14414859178012876,3.407512544580266,2.0665767516321925,2.8392012653412078,-1.9822983305340787,2.6511539248450586,3.792089351176828,2.1140373057951845,0.0500153428556533,-4.89891658583134,6.755764001428702,-0.2888078141041268,-0.6952408637525319,-5.97207317642056,1.7365449670315118
2:60584819,1.8131004150005987,-0.313858219557391,5.773432177756717,-0.7576608816352011,0.08661026636359132,-0.8773196397613394,-1.0017945783238051,0.509691624111139,-0.7579701605528251,-3.697999342336067,-0.2948794158954444,-0.8042576192177026,0.37626087448781403,-0.18092294580327117,0.30829710709513114,5.451320408968715,0.16537977971673687,1.5927557955923313,-0.07473869262912271,-1.7634275522302505,-3.3581283048037407,-0.23704435092732287,-2.94470712419894,-0.2941982442935497,4.653563514093943,0.224391007802886
12:4374373,2.80328286600864,-1.180157939392629,-5.569479410607702,-2.415648576873082,-2.3340732799679698,-2.714876324261462,-0.5791424482883456,1.3817553663610944,-0.7319736633107241,0.2505096328679271,-0.38469169700941486,0.2107060897131759,-0.44275525316885017,0.847800511279353,0.890636087163712,1.615206047101842,-1.2356567229190232,0.6564084490925971,-2.1101224218955643,-2.5964249023426573,-0.651871965050138,-0.82965522824563,-0.9404064686957905,5.451320408968715,-3.071351919302002,2.7441632268677676
12:4300809,0.3347063488846437,0.6451530068679705,1.3817315211934613,-0.45768902237555004,0.7536385864175186,-0.9206084377758792,0.514341516163059,1.3183001405581338,0.6801314740314071,1.6804372888034858,0.24649362938628477,0.2524083366355752,-0.9638851619032707,0.29679978490108055,1.1576870960306964,-2.2713835037369647,0.3068877757541233,2.719133837084159,0.9557210319949063,-1.6574851992861852,-0.5728571814076969,-1.303743930100276,0.35336485490387287,1.4536854423916572,1.071035541089929,0.7822169682117458
10:12307894,3.586139452335468,-0.9804627933322445,-4.075846295944727,0.9344484206834147,-0.3477533422174501,0.4297680667749804,-0.014453923837031882,-1.403985719163284,-0.2825161507515076,1.7737949159592354,-1.616293941261496,0.37210450436265796,-4.598506483086864,-1.5276459516967384,-0.02466376856761049,-8.722112654349944,-1.014023056744659,1.670325071351698,-2.737076755673847,5.343389995992859,-2.0148769828822446,-4.326059404423643,-0.29447071241989403,-10.90264081793743,-0.39376306657717974,-0.1933814171412372
9:22061562,2.912849847050142,-0.04682562146622366,2.0004349335086844,0.6086210108398555,0.4250318627102167,0.22968715568751732,0.6285266880648711,-0.7645374361667083,0.39884633047271656,4.068427120261071,0.26747181061064945,0.7449965314858719,-0.2735127126084494,-0.3632165199838399,2.1355214247565177,-7.813559252855158,-0.3950739182122047,-0.7239799070874233,1.1969181804869795,1.935779010524359,2.153152854256516,5.432266375417815,-0.9735562328984252,3.4690220784346377,-0.5972073176420559,-1.565787252977491
9:22133984,1.7081214582897164,-0.6261779184306773,-0.14433580444391791,-0.4241904014944448,-0.5620829531351438,-0.4846146581538827,-0.5761494640594653,-0.0919744284110326,-0.2748805791095749,0.10736127122911161,0.7158585820093356,-0.49651181613155454,1.7821269136746192,-0.6515545573863959,0.06980311858757686,-0.04108241467628597,0.3190981647098577,-1.9692253472777912,0.05247610333534147,-1.108673433300315,-0.03950739182122048,0.3358128304803741,0.1732180661293494,0.7584445786391256,1.87693728401789,-1.2581441597140732
9:22134094,-4.211806335508889,0.49538534455933453,0.7518797204320399,-1.0870114281419312,-1.1162312197733888,-0.7023126491214472,-1.4171129675002996,0.6934579919879441,-1.5628553020296163,-3.006115594415125,2.4743265273632775,-1.8519089916197098,2.5884153262178935,-0.9655505822903743,-1.2806187525490063,9.018233762985284,0.09481774037092915,-3.3780594388142964,2.4376980561010373,-3.154216184328983,1.8173400237761421,2.5877341642899414,-0.13185255779995253,7.393744922509292,1.1924072157290126,0.6887274000859035
19:19658472,0.07855353086068168,-1.2648394476753633,3.350256076227095,-1.3501405490021399,-0.09329967718029147,-1.8310724299564318,0.5639361574480666,0.29618883725586764,0.08202081796011511,-0.03789221337498056,-1.6562024336383232,1.3889317437147823,1.775278274725101,0.9685773866235731,0.4056540882830673,2.3909300039336476,-1.3267407701156129,0.5558297351187315,0.7242535214298319,-2.1789512498629566,-3.081576562055197,-0.9679310996199018,-0.5693100440117951,3.0890815650822723,-3.412613243668891,1.535675959651001
16:75245003,0.018028679213926944,0.5972705571394883,-5.337417768499049,2.8485605082123446,-0.13305345267450264,-0.6755504579044627,-0.8230706629420933,-0.5825047132698731,-0.7120955032640739,-3.50713486015098,1.3427276628719556,-1.0699918618247213,-2.255067940237806,-1.243007646166919,0.9296343537022415,7.708937952076972,0.31554605155909865,-1.5762439731499864,0.47430324168481713,1.6033725137676513,1.9358621992398035,1.3630050178321063,0.34533383547423935,-0.11421814190220167,-3.131574505954982,1.6209912907427235
7:15064309,9.164578600412863,-0.6243416195496488,4.330074133317537,1.2880234987798418,-0.12171366977610751,0.3472723574055302,-0.6100406090041398,-1.4280760712422698,0.6163988743669255,-0.04520474578067858,0.03643818869188558,-0.12200812180082796,-0.5879076163872095,-0.029057321598707192,-0.47430324168481713,-3.4429392056644517,0.6584565303536746,3.0407156097671777,-7.847562726057884,-1.784072191517748,3.9112317903008273,1.4025124096533268,-1.2699049473107928,-2.941982442935497,3.7228508112751544,-3.981382117613707
11:1696849,0.845961101576572,-0.062434161954964894,-5.056501043841203,1.161912838876088,0.6085683488805375,-1.3781229341251036,0.7494784624908003,-1.3062226903627459,0.8556203422759943,3.277344069099197,-0.3666592737120986,0.7146189991191352,0.11574431197623186,-1.234936167945056,-0.0587232584943107,-9.864294073371962,-0.09876847955305118,-0.41025528068287315,0,1.765867373236955,-1.8173400237761421,0.7111330527819686,0.41466283993821806,-1.6519152754450654,-3.908993351838912,-0.933068937509469
2:27741237,7.727968981969765,1.8105906966939815,5.489915419027592,0.07377224373816432,0.18701401959249536,3.7103309764906647,-0.41831356045998147,6.917243470079743,-0.2492789565454479,-10.284079665104375,0.7845839777912383,-1.6931739351951633,7.760380536311165,-10.896495599515196,6.01555330917329,0.022497512798918505,1.810755458472605,1.2307658420486196,1.4145396678482487,2.1299637388528216,-0.1382758713742717,4.484088971708524,0.9915850520261736,2.3126813856230917,0.5211991135785216,-3.873777195516039
17:47005193,0.061097190669419085,0.2029110263536359,1.6708438231823108,-1.401672631025122,0.2782026737739601,-4.203823273856418,0.522891950574977,-1.5032379697287048,-1.3722213036501798,1.9086448218508731,0.9291738116430822,0.3555665263909843,1.4815271932957679,-0.04523073645081779,-1.4861501572790938,-5.269609728669758,-2.798440254003117,1.8823477584273007,-2.1674220862445583,-1.6930481001137814,-0.21729065501671263,1.896354807418583,-0.4867781164492126,-2.7689246521745856,-3.1644231895838812,0.7711619537641391
19:46158513,0.2629835598379343,-0.16589648748033523,4.075846295944727,-0.10256141202622841,0.15301147057567802,-0.04676887785492434,0.4054706002704207,-0.49053028485884054,-0.08921562655310765,5.099660383382801,-1.2893512921744128,0.6705859927549265,0.09496969187793385,0.2621969253633344,-0.5919304456226517,-7.117001645042489,-0.7555788685808417,3.1519613028074405,-0.7820219301925276,-0.7127186356930595,1.7580789360443112,-1.5210345851169884,0.21267329230325677,-7.413795756197452,0.12600418130469754,0.23267817570469715
9:4292083,4.161214067214489,0.2653451883086007,3.969234622207742,-1.5910878514339222,-0.452079344882685,0.45937431137503465,-0.5403216822608095,-4.004719903730377,-0.14956737392726874,6.322385972381017,-0.7310896156691086,-0.7280647921339203,-2.0929511143384656,0.49942271497777985,-1.8497826425707868,-3.815924286278101,1.0041462087893538,1.303163832757362,-5.605401947184201,-0.7266935109027273,-2.607487860200552,0.7111330527819686,-0.3864928100511109,-4.845618141305525,0.05118919865503336,-5.2437715695400025
17:9791375,1.4381338726801725,1.260980877060124,-0.5807110532126963,1.617314574259756,0.9979008950587697,1.0258979658499534,0.82965522824563,2.0216340048777948,0.5493369597945981,3.32819940810246,0.8216454312876159,0.1481527193295768,-0.2832331398947791,1.0883970891929549,1.8354432422407805,-10.407066235303912,-0.04678506926197161,1.7297249672034651,0.7046791019317282,1.5497585626778598,-4.286552012602422,1.7778326319549216,1.5289825452571417,-2.212130021030783,0.34126132436688905,1.2797299663758341
10:94462882,-2.704789143689418,0.8740782673695084,-0.2525876577768563,4.413374635525047,-0.13910133688698004,-0.6579897298210046,-1.3109270922495884,0.6388761371346995,-2.1604176233938817,-3.390355933550893,0.1821909434594279,-2.4401624360165592,0.5408750070762327,-0.4143358820556396,-0.8632318998663671,17.444225308699888,0.01646141325884187,-3.583700540082746,1.5695125452115768,4.546492734878602,0.45433500594403553,1.3827587137427166,-0.7729856201022218,12.633218725546545,-2.2337104867650925,0.49876655099776096
6:32594328,0.8248120740371576,-0.8808819901466521,-3.697674990135423,-0.041225665618385934,0.05368823528971158,-3.208180919522003,0.6339558222474913,1.3980113118476953,0.3724076532633509,1.889558373632364,-1.5225089841759523,1.4815271932957677,-0.45317302383164654,-0.5692050669335792,2.039503939244714,1.1484114994894095,-1.6747698706821723,2.5685548007971195,0.9982953944032817,0.6623243887248634,-1.2642365382790555,2.2914287256307877,-1.2538752915943874,0.2515994034908638,-1.6088033863010485,1.38706215710413
15:77747190,2.2269925999003255,0.9384043736261388,3.1608603927734618,-2.768303446274616,0.9603911451026599,-1.822037533098094,1.1358375148600888,1.1992744096732684,-0.8399128806125901,0.0858890169832893,0.017103639590068744,0.4004127549448021,-0.22112346168593547,0.647527382178087,-0.4015032092401708,0.39803291875009666,-1.975369591061024,3.925145117884787,-1.4798261140566293,-0.5047335881586991,-1.303743930100276,-0.493842397765256,0.20386433936761894,0.7268427211958287,-1.3138560988125232,-2.1755409428389183
12:66212318,2.094760822951512,-0.2738857104628177,-1.2576897141772303,-0.834328947038763,-0.10841499835431777,-1.5901418470674278,-0.38467723615398886,1.1218609292604962,-0.23380646958745455,-0.2616930986209595,-0.49831685075930005,-0.48021915920621444,-0.7122726890845038,2.8730834839171155,2.3575661130804146,1.3498507679351104,0.3555665263909843,0.31830151087464303,0.6165942141902623,-2.1187514997792207,-1.4617734973851575,-1.6000493687594295,-0.5386659373534646,2.795548927676264,-1.842811151581201,-1.0552850184268419
17:36098040,-0.0422980550788286,0.31891086134950813,1.320395041807149,-1.1554328444936817,-0.5464695377702785,0.4846146581538827,-0.4996523083272001,3.4097836874334035,-0.467238249319801,-3.3078878162483036,1.521434524765807,-0.9837340563483898,1.8930625247668147,-0.7499024151050973,2.3798373179273278,7.620125302859495,0.5377394997888343,-0.3454781311013669,2.5524132587410855,-1.7080403034038465,-2.5087193806475003,0.1382758713742717,-0.015175006167210167,2.4584386158094205,-0.1316293679700858,0.39697745895740155
20:42989267,0.3591018553631163,-0.24783316727245203,-4.705641787737935,1.0727086461926953,-0.8969637930298368,0.5028653704401267,-0.6599530224681147,-1.4491580671591966,-0.9245983115503884,-2.7484485434652575,-0.46094308695235253,-0.14486043667780843,-1.181694308938291,-0.292619506240502,-1.419330077947396,-4.038015117754604,-0.7729707095456181,0.4713571309973437,-1.5773340363006705,-1.1769665543555112,-0.8889163159774608,0.6716256609607482,-1.5424656364851588,-6.641838659203262,-1.4625485330009533,-5.005166090714374
20:43042364,1.0997494320495436,-0.1630413848878295,-3.5867447404313597,0.5339705261048083,-0.011770113121206002,0.5300472823558092,-0.09481774037092915,0.7199496456144497,0.05650323015030152,2.5638512532325155,-0.3487305843934821,0.05926108773183072,-0.9681266807675314,-3.3645319745871487,3.4940338804114863,-0.2766341700073677,0.3394044115550305,-1.2307658420486196,3.634660631016283,1.4603117798162852,4.010000269853878,4.266798316691812,-0.06478355673237668,-0.8580782125228534,-2.4438714196596574,3.017468552296704
11:43876435,0.7613649914189148,2.26277929614722,3.3476284244026027,-0.5431481445222347,2.0720303307123067,0.34784352904599974,1.6461413258841866,1.370599325340878,0.38177858209663185,1.073612712291116,2.3945095426096237,0.43244577534038625,2.941267221984245,0.9919568407834525,0.9177216211203902,-4.955745826335196,0.045585452101408235,1.995836500619383,0.9513167876078332,-0.23842439425813222,-4.89891658583134,2.8840396029490947,2.0001784239841855,-1.1376668679586883,-1.040847039319012,1.5868651583060345
3:185511687,3.024310938136245,-1.5249071071424758,-6.148705269310902,0.4555436050831646,-0.5100382352522601,0.04969193272085711,1.1692052444388221,-1.302069359073834,1.0537088865867037,5.475424832684692,-1.8814003549075613,2.242311427690892,-0.46435926954046447,1.5154896178636077,-2.2656252521409637,-3.9645966610681573,-0.9420993434291038,2.461531684097239,-3.768075753384936,1.5316053709643282,-4.602611147172186,-0.11852217546366144,0.333363070664031,-1.896111446597814,0.8702163771355673,-2.746737488806668
2:227093745,-0.2894077452761956,-2.199385250686263,3.509534971067867,-2.7480160792466206,-0.18294849742744113,0.5830520105913901,-1.3206756694522273,5.295497393362482,-0.661894981760675,2.825296611292411,-5.255449589873414,0.05079521805585489,-5.0143997311549064,1.4528660799353597,2.616765689490381,4.724477687772886,-0.9770071220653173,1.582413225491082,2.3575661130804146,-1.3062426312816668,8.434828153830571,-1.4222661055639372,-5.123790396106156,3.6342136059791437,-7.631844163114065,3.873777195516039
7:28180556,-1.741269934078444,1.8105906966939815,-1.4480646467580025,-0.9849591461257613,0.12171366977610751,-6.214347448309488,-0.538737161198461,1.0898475280533109,-4.280547738659206,-4.413741150530145,-0.30972460388102735,-2.091567802299908,-0.44680978845427916,-1.4624604785764421,0.3478223772355326,0.15808829186009274,-3.0477130833512938,-3.1493125958302914,1.307927121009647,-5.462560064949073,-3.239606129340079,3.555665263909843,-0.6073458443660316,-5.1917337228273475,0.8934841947060369,1.9922282719796767
11:17408630,0.9261047848838262,2.153978587446289,3.558278512332699,1.161912838876088,1.7001274508408668,-2.120189129423237,0.2440162436016559,1.747514139809619,-1.614378004294329,-2.9383084757441074,0.6954267075876884,-1.2698804513963724,-1.8519089916197098,-1.046063577553459,0.5413997978255961,8.35869129375203,-0.7572250099067259,-0.2461531684097239,-0.3363241168310521,1.4533870218054545,0.414827614122815,-3.2593598252506895,0.3245187442994751,8.133716165762845,-2.605995567892608,1.3650452974675562
11:2691500,3.1079875253574056,0.17472893936007533,-0.37847144176629605,-1.351612894202796,0.014712641401507503,-0.7723546114327507,0.3798787675117354,-0.5518465704661956,-0.6229843324264014,4.392052004827293,-0.9467181247169529,0.17778326319549215,-1.2189780704332265,-0.9322557346251892,-0.6905855198930936,-0.3634213605979143,-0.8183674020109956,1.5531092768708774,-2.6513551210181276,-0.7631128826612558,-1.244482842368445,-1.7580789360443112,-0.07887608368390019,-1.0063976139634552,0.9135303144590569,-4.83134009777843
11:2843803,-3.665831440165145,0.5668129988911456,2.3745000023761618,1.41876619969616,0.6750506054809323,-1.105527188913545,0.24312241120751063,-0.9131154964770982,-0.18834410050100503,-3.9040462265131497,0.3569592929260642,-0.1063660549032859,0,-0.012485567874444495,0.053616888190457596,4.694192574389727,-0.28907847674063764,-1.1106911257511933,2.4339245296984036,-0.8711005547359616,0.5531034854970868,2.0938917665246857,-0.20507781757814045,9.448955375545774,-2.3625783994630787,1.3008078717043772
11:2912553,0.0261845102868939,-0.33265701916629725,1.970738868368879,1.6967616059777793,-0.15301147057567802,1.0087996664191208,-0.42329348379879084,1.963873033309858,-0.37668820100201006,0.8296098231340443,-1.0946329337643996,-0.30477130833512933,-0.1058233709496977,-0.8257122220965959,0.268084440952288,-1.0751215251021635,-0.5285448365271388,1.3738781492635752,0.29996475284931673,3.020686084838855,-1.1852217546366144,-1.7778326319549216,-0.5542978116139181,-1.9568842493733853,-1.3479822312492122,0.15612705589785175
7:130444934,-0.8248120740371577,1.4515942654529335,-0.8539868429598476,0.7576608816352011,2.43427339552215,-1.325118205889523,-0.1077474322396922,-4.133904416753938,1.4125807537575383,-3.842403391357679,2.875759009506656,-0.9412055110349585,5.9261087731830715,-0.6102037535728511,-2.5588659888895884,1.4536854423916574,2.798440254003117,-1.3755618234661042,-1.307927121009647,1.9307510130944259,-3.476650480267402,1.2049754505472245,2.392574538411639,0.7441485002719198,4.8397060546577,-3.3203804532994616
12:27965150,-1.029552659791062,0.15279939636346668,-2.3892440887303605,0.5484805947489608,0.6120458823027121,0.4154424645491477,-0.05643913117317211,0.8524459218583509,0.053812600143144304,-4.204983123140205,-0.043348879650691466,-0.23428802126537723,1.2673304906505967,0.04357081991168288,0.2134364587581677,-1.8171068029895718,0.7901478364244096,-3.757074675727365,0.44843215577473616,-0.4204829709103597,-1.6198030646700394,-0.493842397765256,-0.5213579826450583,4.576417133455219,1.9013130929012392,1.034560646501727
18:7076836,0.10997494320495436,-0.3422458024238623,-2.0495684231036346,0.23361210517085365,-0.7391232053231905,0.7619429683864757,-0.012882845159093635,0.2741198650681756,0.19235142178826048,-1.1247371271621216,0.6534170107799142,0.4160884883298752,1.6438863377665367,-1.7910331847479002,0.1961890681514471,1.2798752264535245,-0.09675279629686648,1.4898744403746447,-0.1027657023650437,-0.203857915599775,2.46921198882628,2.409950901094449,0.6470060723592036,3.6342136059791437,1.7063066218344456,0.2226730141493951
11:65365171,2.749373580123858,1.0080515732312039,-0.7810855270974216,1.972120794814416,0.3678160350376875,0.16658628874039716,1.1092460011342673,1.2844975728515151,-0.4661516487399875,-0.26352312028963765,0.8076027639165185,0.17778326319549215,1.1111453949718257,-0.17479795024222294,2.768382186160361,2.180528163587486,-0.8606967503908748,-0.12307658420486196,0.8120996967383942,1.010367414584031,3.0223154743233667,-2.745763731574823,2.324768782262321,-0.7672228723733747,-0.2632587359401716,0.7705900872800723
18:57884750,0.2046045454975895,6.884704230433913,-0.9927597049408228,0.10011947364465155,7.344550587632544,2.89116699466805,3.8987557718309684,2.739346489431295,0.6245093858717535,1.4314836163881548,4.6340802324621535,0.07797511543661936,4.56635093824038,3.6678914149187767,2.203996340084341,2.212130021030783,0.6963177808490109,0.31558098514067173,2.3082757761994435,-0.10171315901837752,4.622364843082796,-1.244482842368445,3.271896804665489,1.4536854423916572,-3.150104532617438,-2.5594599327516683
7:157031407,2.1775038754580964,1.180157939392629,3.3416876463646217,0.24314729313701094,0.9725305333199873,0.6251839740606981,0.855993489459777,-0.839890516807724,0.025112546733467345,-2.061336407598943,0.14633113871503256,0.3220711289773408,-0.0871486584291628,1.1142050429926806,-2.2836822747787493,0.4118775420109696,0.0123460599441314,1.6136707706859679,-3.9237813630289415,-0.37582150281366605,-0.7308867486925787,3.042069170233977,0.8562302253439995,-5.2241820585950185,0.6526622828516755,1.8241968975248255
12:123626982,-1.7595990912792698,-0.5049023532010204,4.468535806185249,-3.0318788431956443,-0.7052872471847658,-5.300472823558092,0.987684795530512,1.9715544141441859,-1.1300646030060304,2.9874440689839754,-0.1547221550609295,1.4222661055639372,0.1539249031995603,-0.7130219684605841,-1.1073528744641445,0.5031988069817276,-3.4020254068273186,-0.17582369172123138,0,-3.2204323538723427,-0.8889163159774608,3.8519707025689964,-0.1859815025809857,0.05922422172706753,-0.8629036344705625,1.1147869929318377
22:30342191,-1.6162984077091775,0.2834064994455728,1.1528822379957944,0.9688031420320696,-1.147586029317585,1.7668242745193639,-1.6296799126253447,-1.976355277165641,-1.2713226783817841,-1.30134874217105,-0.09670134691308094,-1.7778326319549214,-1.7328576993012998,-0.8071478221863108,-2.1960889820475096,0.3945717629348784,0.3641343944967912,-3.1999911893264104,-1.3140532433562966,1.4886169440097903,-1.8370937196867523,-0.5333497895864765,-0.8097944591547085,2.1996556036189556,3.412613243668891,-2.19382279950143
11:92694757,16.78564922601935,0.9530669419640473,7.828212727131937,3.190649541675606,1.953337922242698,-0.06625591029447615,0.8230706629420933,1.1650094265397462,0.04708602512525126,4.972522035874643,1.4666370948483944,0.16461413258841864,1.4815271932957679,0.10834933477484038,2.877439666221224,-24.228090706527627,-0.18714027704788644,5.520863920046664,-9.865507427044196,3.029914972994649,0.11852217546366144,1.7778326319549216,0.19053987274228437,-10.270603669071493,-0.9493269568751643,-2.152571430621916
1:120517959,2.085731681473272,-0.12096618878774447,4.056437504059276,-1.033436600840556,0.5246107562594674,1.2405361927476384,0.3242587819288851,-0.3728030164927188,1.1727085502892767,4.1513024875256495,-0.2677194696945482,0.5157909487770451,1.7895675008127099,0.1207906101341607,0.21195426112790267,-3.854468976038486,0.6653876517258186,1.678317057339027,-1.0671822937908384,1.6045227092581587,1.0271921873517325,-1.6198030646700394,0.22945769798952778,0.48802296994577077,3.131574505954982,-8.562556865932855
14:79945162,0.537655277890888,2.6296997562553144,1.757624083766198,-0.09344484206834147,3.705746553004702,2.061294986939258,2.5563606472554428,3.0044979947603982,1.5212408117388871,-0.4684855471815779,1.137392032739571,1.1619821123888374,2.573178809408439,1.4528660799353594,4.781751048822442,0.2119957936821167,0.6145594283300962,-0.35164738344246277,3.6995652851415737,-2.341886495249749,-4.602611147172186,-2.311182421541398,3.1384378560541335,-0.9784421246866927,-1.3072933810362368,-0.30595842874272816
10:124167512,0.9511346439347405,0.10925978342118856,1.7567729340888292,3.9208950624621646,0.9563216910979875,2.7416238742541856,-0.17957905373282038,-0.22548569545930572,1.1129424120513935,-2.825296611292411,0.40082007561074134,0,-1.9048206770945584,0.5427688374098135,-0.24663768567610492,5.633031089267673,1.810755458472605,0.9049748838592793,-0.8968643115494722,1.3498459009338246,-0.3950739182122048,1.1259606669047837,-0.441706068629841,1.4867237479005586,-1.3402262920590553,0.8300951133248654
6:31136714,0.39276765430340843,-0.7603589009515367,-2.160689602669494,-0.5096991385545898,-0.20067078108285644,-4.336750492002076,1.0247229753629061,0.6795888321481851,-0.3296021758767589,0.27328323585592046,-0.35721371865159957,1.3580665938544538,0.9876847955305118,0.3442175020154544,-0.134042220476144,0.948055723298907,-2.48896568473689,3.313600343977053,-0.29996475284931673,-3.8597274388606397,-2.3704435092732288,-0.8099015323350197,-0.3235030361796018,2.4712652520658183,-4.882662025557029,4.193813865713577
15:91544076,1.457167997465645,-0.04398770501372525,0.30743526346554517,0.0700836315512561,-0.7976129849157683,-1.0269666095643801,0.19753695910610236,-0.44544478073578536,-1.2713226783817841,0.7730011528496036,-0.39338371057158106,-0.192198122373505,0.5749210003834322,0.3030979235727216,0.8688373018135512,-10.737449290392926,-1.1384366853746428,-0.29937547509290746,0.37680757533849363,1.267055352343217,0.750640444603189,1.0074384914411223,0.2208530343149205,-5.846343627009928,1.1090993041923896,-2.1771608541887613
1:214159256,5.921727711036004,0.2185195668423771,-2.2292383822718103,-1.8183861159244823,-0.660731350213155,1.5548053615770403,-0.03591581074656407,-1.6239525339644947,-0.06647438841211943,3.390355933550893,-0.692325585145826,-0.1917270485441582,-0.3874763428619701,0.7562686826806381,-1.2331884283805246,-3.815924286278101,-0.03292282651768374,3.1999911893264112,-5.077834705096278,-1.6397186912676927,0.9086700118880711,-1.6198030646700394,-0.6073458443660316,-0.23126813856230916,0.1861425405637577,0.9975331019955219
2:161317460,-1.9365153042611525,-1.2605950199986002,-1.9141084411168998,1.0512544732688414,-2.3647227270786604,-1.5758162448415949,-1.2839902341896656,-1.6310131971556445,-1.4798465039364683,-0.9335762715574923,-1.2137686302193609,-1.1428924062567354,-2.8505333339361605,-1.6451571787503336,-2.195075402517334,-6.010430194503968,-0.3423973957839108,-2.2897969154392923,-1.1730328952887916,3.6009474046546615,4.642118538993406,2.390197205183839,-1.2309841256897207,-7.657807241170339,0.08775291198005718,-0.7200238931697002
8:118185025,-6.905403410543645,1.380437683813084,-16.070479681153497,0.700836315512561,0.5308561224054136,-1.0922186424301523,0.2562641631646734,2.9772463122682407,0.29015172239344017,-9.174508632305903,-0.03286581725150464,-0.8265362236281654,0.187799221685379,0.36678914149187763,0.13119025833835365,12.482733690102277,0.7597575350234708,-5.049295762250748,5.192372330023261,-1.2050798188046903,4.1285224453175395,0.82965522824563,0.883412137259682,7.571278345789883,-4.095135892402669,0.3294936924921688
13:80717156,-0.5773684518260103,0.4269394898390982,4.269934214799238,2.2221639272349494,-0.03122683072973021,2.7305466060753814,0.6246438977138913,4.660037706158985,1.4049451821156052,-4.80569499787452,-0.04835067345654047,0.31190046174647745,-1.0850621697377452,1.5981526879288954,3.0829710709513107,-0.429497971615717,1.4815271932957679,-1.781371613491423,3.014460602707949,2.2437438531077802,-1.8766011115079726,3.6149263516416736,1.9631380827992935,4.89828790371102,-1.0237839731006673,1.6431100802850216
10:114758349,6.169326082229146,-3.330128020744965,22.292383822718104,1.2307369443147411,-2.4981464583784168,0.3147155738987617,-0.4644787957359704,-5.825047132698732,-0.1832537194063833,12.269859569041325,-2.7114299232491326,1.5283122625577394,-2.0953027448040142,-2.4378600324339086,-2.630801980545119,-11.2186593923704,-1.7778326319549214,4.63347140535951,-6.490465412529077,1.6164752562110634,-6.281675299574057,1.7778326319549216,-1.5214320141694524,-8.286007021632447,2.3625783994630787,-7.24139883412667
2:43690030,-4.966610338288262,0.9305091445211113,-3.0277715341303693,-0.9027722030331294,2.5501911762613005,2.7606629289365068,1.5084640513556913,3.17729843601749,1.7152766295627249,-0.27511325752459853,1.3714009198582389,1.4555354881502283,-0.5270817899225327,1.0103264119090718,2.290207081278117,-2.3218586927088976,0.04017700863174964,-2.193000954922995,5.434389684388752,0.837891442678579,-1.0271921873517325,1.1457143628153938,-0.30537703510211234,3.4478436774673926,0.13650452974675564,-0.15593017436456316
9:84308948,-1.3354100246315888,0.9823920786398641,-3.39536937562349,-0.22131673121449294,0.5155821291136976,0.7785069459600948,0.4910204412065973,-2.4328138024800583,-0.09417205025050251,-4.192202019422453,1.0433220149941933,-0.3950739182122047,0.7308867486925787,0.7458045877001513,-2.0827182345982194,-3.1601857443296906,0.07797511543661936,-1.1676496450204854,-1.133200177430752,2.1469549025815624,0.2963054386591536,0.07901478364244097,1.732180661293494,-1.2792431893046583,-1.51205017565637,1.8846932232080469
9:81905590,-1.7038371482457713,0.19354590206039113,-2.732757897471512,1.6128835754261677,0.6419446754037067,0.01766824274519364,0.6734214514980762,1.1241319028015093,1.1129424120513935,-0.3253371855427625,-1.0475979248917102,0.6456805081229317,-1.3978925936742326,0.45765281517963824,-0.4275053218385818,4.275545418798993,-0.042329348379879075,0.08791184586061569,-0.2717194842194376,0.12586642572945864,1.5407882810275986,0.23704435092732287,0.7236461124361225,3.6342136059791437,-2.866595124681868,-1.071035541089929
4:153520475,-0.10230227274879475,-0,-1.2152889688274755,-1.1110819636174747,0.2700202421923729,0.7874988195000593,-1.1548314532356756,1.8769596316473687,-0.04346402319253962,-0.06134929784520663,0.6901821622815972,-0.7111330527819686,-0.02057676657355233,0.11599495315612951,1.3643786867188779,2.528148595463752,0.987684795530512,0.22672002353527201,0.7788558495034892,-2.3420305049961057,0.6321182691395277,-2.133399158345906,-1.2689010698820888,5.214306478143989,2.3625783994630787,-0.16666250724894585
8:95937502,-3.3603454868180496,-0.46825621466223666,1.6959457022160354,2.026742858374163,-1.1128106950958403,-0.6214347448309487,-0.017957905373282033,0.4885523401618291,-0.7191320200947465,0.6441676273746698,-0.8927356229511967,0.22658651191582335,0.5879076163872095,2.663587813214826,0.8015724784473408,-2.7256602044843574,-1.2190852333405173,-0.9773728745680216,2.055314047300874,1.1049901328574565,0.11852217546366144,1.0271921873517325,-0.09202209763121688,2.7689246521745856,-4.467420973530185,0.7179783707459225
12:71663102,-1.7019931686481031,-0.09002134979553075,-1.7079736859196952,0.13674854936830458,0.10033539054142822,0.6859435418722237,-0.27161331877089084,0.2588909836754992,0.16480108793837944,-0.22494742543242435,0.37713525296101574,-0.11111453949718259,-1.3630050178321065,0.11789650976524638,-0.24127599685705917,4.108241467628597,0.27260100356642125,-3.206468904284562,0.4543325788770353,0.8455983813307486,0.9481774037092915,1.0074384914411223,0.14723535620994702,-2.0351596193483203,-0.740274565165098,1.6819308129510961
3:23454790,-0.8498063793110107,0.9274074473727076,-0.7014891924313036,-0.7787070172361789,1.5878548833325077,1.4084113502597215,0.25831756190798005,3.0857006432674354,1.0311839502430027,1.5337324461301656,1.87424792380626,-0.4296428860557727,0.3950739182122047,0.7627546919660638,3.410946716797195,8.782682881116262,2.2575652469268848,-0.26373553758184703,2.8558047815127936,0.7837455787690001,-1.4025124096533268,2.390197205183839,-0.2789722538714785,4.651793415653304,-2.205073172832207,1.372801236657713
4:6289986,5.350132372132913,0.6243416195496488,-4.269934214799238,-0.17047369836792023,0.26081500666308755,-0.4947107968654219,0.8260636471709737,1.0557897928016449,0.4985579130908958,-1.2431305089686608,0.10899862816478856,0.694201313430017,0.6944658718573912,-0.7119043791683263,2.4964546233069154,3.4611558152182322,-0.246921198882628,2.07471956231053,-1.2694586762740696,-1.5838191904290213,-2.528473076558111,1.8766011115079726,1.5144208067308835,4.4601712437016765,1.2471550217771765,-4.310669360423862
5:76424949,-4.398997728198174,0.9811701979450385,-1.5621710541948433,0.9286081180541432,0.205976979621105,1.0748181003326132,-1.3675635630422471,-1.3489582833618114,-0.7627936070290705,-4.204983123140205,1.4526691225165047,-2.5185962286028056,1.0632136328357862,0.43892925936075294,-1.2331884283805246,4.023593635191195,1.8342717631280936,-3.6655417469708893,2.1889094603754313,-1.3321843657814196,4.484088971708524,-2.48896568473689,-0.9764028885501748,-0.2907370884783315,2.9925993059865665,-0.06370211388181929
15:80365745,-0,-0.09441263515141032,-2.2625105969325836,0.24529271042939632,-0.6174147058316832,-1.308554228315904,0.1711986978919554,0.44544478073578536,-0.39306594887166274,-0.24539719138082652,0.5346361823585281,0.39936819993190265,0.3909585648974943,-0.3168751019169362,-0.763402360426039,3.79940513352365,-0.6419951170948328,-1.9625725589423935,-0.7751470121249011,-1.8677113094681854,-1.2839902341896656,0.6321182691395277,-0.5761383503867492,-0.4239915873642334,-4.607027878953002,1.8614254056375772
20:39832628,2.9177025748253196,-0.1612882517169926,0.9607351983298287,-2.041566658232243,-0.05464695377702787,2.0386433936761894,0.27563296619456146,0.994520242168076,0.9986617421913756,-2.4048924755321,2.514235019740105,-0.1616211483595383,1.5320338021581235,-0.9934462654693135,0.8376374230509223,-7.128649765574474,1.711986978919554,-0.13377889587484995,-1.438719833110612,-0.8137052721470202,-1.501280889206378,-0.750640444603189,2.027503265841893,-8.479831747284669,2.778842212701811,-2.0906746398055733
10:80942631,-0.6836280253280946,-0.5150818361284603,-0.8051875947907136,0.8902515359213611,-1.217136697761075,0.7676546847911719,-1.5802956728488191,0.3276589012143036,-1.312869171139359,-2.3732491534856255,-0.47369645299451246,-1.7429731685832563,-0.8754478869474992,1.055922311667306,-0.3391268178046442,0.581474176956663,-0,-1.5203578048835888,-0.4484321557747361,4.177105557175441,0.45433500594403553,3.200098737518859,-1.4539491425732272,0.8652889538045581,1.135469497438922,-2.1840724759480903
17:3985864,1.579127389609601,0.6261779184306773,0.5807110532126963,1.1860306877904878,1.9126433821959756,1.231077559019944,1.92198122373505,-0.5482397301363512,2.1379600597411383,-0.15030577972075626,-0.4022776031584167,2.0273530013521035,1.3709654624528,0.04133153503264385,-1.26255005762768,-0.16519152754450656,0.25831756190798005,1.995836500619383,-1.620761934442975,0.03334356190376887,-1.4815271932957679,0.3358128304803741,1.6001427391873484,4.108241467628597,-0.6142703838604003,-0.7990509058346672
