Loci,SNP,Beta-Cell,Proinsulin,Obesity,Lipodystrophy,Liver
ABO,rs505922,1.16922027031006,0.0398397534222292,0.659373909340446,0.188414332673453,0.443770513619169
ACSL1,rs1996546,1.34881516594677,0.0576387434251312,0.00141021120124271,0.166892468589783,0.508949888747168
ADAMTS9,rs6795735,0.541694318013502,0.00137414217441613,0.184589531206803,0.949143078190887,0.162666993699622
ADCY5,rs11708067,0.919339872538941,0.107276071294486,0,1.24241975141191,0.179132022440652
ANK1,rs516946,1.12099201828968,0.622276414989346,0.0484037517502031,0.189938200646535,0.3523321647588
ANKRD55,rs459193,0,0,0,1.79894598072143,0.545162985696305
ANKRD55_2,rs3843467,0.315706303996985,0,0.185762563973817,1.30896543677872,0.147547704915855
AP3S2,rs1371135,1.542308863878,0,0.0687645482948377,0.0669959162048044,0.0650933480062072
ARAP1,rs1552224,0.423476621863522,4.48400519934046,0,0.0459895247992764,0.0458971283058669
ARL15,rs702634,0.551318865032103,0,0.183218209734933,1.28621530075752,0.491602293846095
BCL11A,rs243021,0.163437643544101,0.0901133598202179,0.0737374605219667,0.567502966522646,0.330430204729208
C17orf58,rs9891146,0,0.147672933589492,0.591142605948604,1.07817893986356,0
C2CD4A,rs4502156,2.68244985924041,0,6.02164596076205e-07,0,0.635551534324073
CCND2,rs11063069,0,0.812262615721723,0.0075230171454315,0.938117873888079,0.127531160612748
CCND2_2,rs10219509,0.221785668062397,0.0206030217144526,0.267154036131079,0.26725264111487,0.0896889863199247
CDC123.CAMK1D,rs11257655,1.58694505735309,0.780256823681987,0.0532068280473468,0,0.412211795806885
CDKAL1,rs7756992,3.0488470641256,3.9855659803689e-10,0,0.113390852787941,0
CDKN2A_2,rs2184061,0.971468871066862,0,0.0935473467030646,0.323443642468763,0.697218948639512
CDKN2A_3,rs10757282,0.127766269659852,0.0626426955745366,0.136829151707435,0.290370752376905,0.157076264725811
CDKN2A_B,rs10811661,1.76597630881973,0.196739821591451,0.321100862380665,7.46713567054122e-06,0
CILP2,rs16996148 ,0,0,0,0.674590623860593,2.05409166148137
CMIP,rs2925979,0,0.137448054833981,0,1.74353922229693,0.303049699099835
CTRB2,rs9921586,1.0053677468006,0,0.00653291240779413,0.431760677357739,0.189960706288746
DGKB,rs2191349,0.718033518516019,0.347920001946527,0.260047691906988,0,0.638958507074967
DGKB_2,rs10276674,0.46666462012525,1.0006937030918,0.144636065739851,0.1108288544548,0.18978884226199
DUSP8,rs2334499,0.958816907393341,0.64152225271272,0.0569635496360444,0.346661181855185,0
FAF1,rs17106184,0.56794673933623,0.350143817344201,0.047099817947346,0.812158610345235,0
FTO,rs9939609,0.400616692222826,0,4.96274254686754,0,0.272094427052951
GCKR,rs780094,0.0629628663286061,0,0.579494349877077,4.83432200038668e-08,5.33952961341898
GIP,rs15563,0.883230277297763,0.202277913875021,0.140523181358171,0.503668679031314,0
GIPR,rs8108269,1.25476321682083,0.0405788818601662,0.0333762017160985,0.272179678317376,0.102933192745083
GLIS3,rs10758593,1.09357070199702,0.271907673989354,8.56488878780243e-10,0.175319792423147,0.439698883951321
GLP2R,rs17676067,1.21559722094836,0,0.579852260602225,0,0.260534042875433
GRB14,rs13389219,0.0825026229583208,2.10390808389441e-07,0.16529505550117,2.73798500223083,0
HHEX,rs1111875,2.65615020578291,0,0.143583384761167,0.0529509395590442,0.173178505246249
HLA.DQA1,rs9271775,0,0.520434490737417,0.124319629087376,0.730709177584984,0.975505528519327
HMG20A,rs7178572,0.210121806859645,0.0842239867013247,0.252618762175584,0.36971273203058,0.000140855087410697
HMGA2,rs2261181,0.0810751535107791,0.136353023842512,0.0292807552967777,0.738946406118656,0.0306391613311301
HNF1A,rs7957197,1.55516571064153,0.411847044273377,0.388681602809869,0,0
HNF1B,rs4430796,1.03812435711579,0.319572997253487,0,0.265789101810255,0
HNF4A,rs4812829,0.843930148541793,0.793323242438631,0.0822754910678648,0,0.0972139492990206
HNF4A_2,rs1800961,0.0828111972824771,0.49600003253487,0.291262379804862,0.640362799269332,0.382142780715281
HSD17B12,rs3736505,0.780542750801512,0,1.2397636512353,0.029571920945158,0.209961495048531
IGF2BP2,rs4402960,0.564505005801041,0.969492709419557,0.00218444218135047,0.502582418211844,0
INS.IGF2,rs10840595 ,3.55285456016335e-09,0.182431610539964,0.197782953214127,0.28855709909061,0.369915057975738
IRS1,rs2943641,0,0,0,3.00777091816413,0
JAZF1,rs864745,0.399294111382341,0,0.00419770064407545,0.678997145628565,0.579630264793081
KCNJ11,rs5215,1.19072253237423,0.559966098914301,0.162509875241021,0.0630507919068452,0
KCNQ1,rs2237892,0.530764872139262,0.300639284074588,0,0.322510638688373,0
KCNQ1_1,rs231361,0.359804919079931,0.249767520968232,0.0368259530640099,0.355835867186236,0
KCNQ1_2,rs233449,1.18444401854808,0.619559097421755,0.241225510796397,0.0321292210037366,0
KCNQ1_3,rs384037,0.276550276511556,0.0378129059077674,0.0101624619509165,0.383513046857802,0.0896228718840571
KIF9,rs2276853,0,0.0419535270609727,0.312779195428866,0.955533913830241,0.0218883161403332
KLF14,rs3996352,0.464522101279091,4.96610864491731e-08,0,1.62801912788151,0.402727325311386
KLHDC5,rs10842994,0.331136636071803,0.166965038807223,0.165176320124962,0.331543020682139,0.393692765619208
LAMA1,rs9948462,0,0.293407994182366,0.301832371379421,0.202725560635032,0.411364800658462
LPL,rs10503669,0.0609728879382272,0,0.407475265588644,1.53634072545124,0.162739197161173
LPP,rs6808574,0.72668144679325,0.512416718453761,0.342971002315522,0.360557397769716,0
LYPLAL1,rs2820443,0,0,0.276567356750941,1.91855782088013,0
MACF1,rs2296172,0.0883278815478957,0,0.740151895075007,1.03130446870004,0.0825657386962244
MAP3K11,rs11227234,0.00248622553963428,0.0967264255633129,0.597784417628242,0.431084580851251,0.015476381974308
MC4R,rs12970134,0,0.120120768120778,2.7830962543519,0.373579875512899,0
MNX1,rs1182397,0.367402509063046,0.165518404289854,0.394551643603269,0.0761502535139092,0.33203190667799
MPHOSPH9,rs1106240,0.0986885516164248,0.0989987677838667,0.051011690664555,0.786263295041277,0.485417992836655
MTMR3,rs36608,0.339229925957817,0.161481969205503,0.425030143831986,0.571871637302678,0.22404823416598
MTNR1B,rs10830961,3.80580573924507,0,0.273912294516639,0,0
NEUROG3,rs4746890,1.11771949181959e-10,0.247856680655966,0,0.320557869906148,0.424497580531112
NOTCH2,rs10923931,0.703178886357135,0,0.0212906556305626,0.174409619459672,0.480675377140196
NRXN3,rs10146997,0,0.0729548449348328,1.71517902402298,0.368806254973019,0.00396496216771459
PLEKHA1,rs2421016,0.633328638648384,0.130974701206241,0,0.433636247760181,0.441604097464441
PNPLA3,rs738409,0,0.0436781688974886,0.21702233158191,0.594952304513966,0.84147616597331
POU5F1,rs3132524,0,0.357849060343166,0.243866814802803,1.05608816304443,0.324079766929456
PPARG,rs1801282,0.143471502972356,0.0559922898570616,0,2.10695269099128,0.075037838877538
PRC1,rs12899811,1.26205406770235,0,0.137908017189937,0,0
PROX1,rs340874,0.54815221584803,0.521197001590686,0.0995105924222011,0.50224939934021,0
RBMS1,rs6742799 ,0.0332185255488228,0,1.03626650368386,0.688523124123851,0.264883984093275
RREB1,rs9502570,0.572455027832302,0.545653165983014,0.502574443305651,0.050434102988687,0
SLC30A8,rs3802177,2.40698885089076,0.0855205725131825,0,0.218340843339546,0.225369715682305
SLC35D3,rs4407733,0.127313541994334,0.421609436600437,0,0.654068258390089,0.25912826432414
SPRY2,rs1359790,0.392565359622264,1.0732855787751,0.200117432442832,0.267216174696071,0.0555351973201206
TCF7L2,rs7903146,2.46773037103572,0.291458944408593,0,0.737309718910763,0.139266573748666
THADA,rs10203174,0.390452155616361,0.529192145338414,0.200470923328133,0.25537866303168,0.113932903496724
TLE1,rs2796441,0.0782917033165262,0.0424959366806386,0,0.707011107634994,0.469641935194819
TLE4,rs17791513,0.7763496028946,0.0137808097641686,0.227401650089193,0,0.169382992068885
TMEM154,rs6813195,0.421709140414501,0.101981818402765,0.161324872512561,0.309878892551011,0.00854534431716829
TP53INP1,rs7845219,0.25414434364394,0.454355755846889,0.361399267737371,0,0.281422546037052
TSPAN8.LGR5,rs7961581,0.543757890408635,0,0,0.174084015613087,0.832409200931551
UBE2E2,rs1496653,1.34983457137296,0.233325891651545,0,0.0610817944016029,0.154690786244189
WFS1,rs4458523,0.0392504370585984,0.530062752949148,0.24707129424383,0.502534399440062,0.38780529125284
ZBED3,rs4457053,0.388106232259777,0.299302405146402,0.0426247825626627,0.964186868172349,0
ZFAND6,rs2866367,0,0.385583227857944,0.197782394404354,0.596291877317943,0.00962181505306265
ZHX3,rs17265513,1.36929238605485,0,0.557539061287268,0,0.0770146103955341
ZMIZ1,rs12571751,0.0833061540030117,0.189094734747425,0.557792004486143,0.634010464226529,0
ZZEF1,rs8068804,4.87987790830674e-08,0,0.434593410830015,0.568999544425454,0.289752924574635
