category,our_name,query,accession,PMID,author,year,reported_trait,full_summary_stats,european_only,ancestry_text,url
disease,Crohn's disease,Crohn's disease,GCST000207,18587394,Barrett JC,2008,Crohn's disease,False,True,"3,230 European ancestry cases, 4,829 European ancestry controls | 1,339 European ancestry trios, 2,325 European ancestry cases, 1,809 European ancestry controls",https://www.ebi.ac.uk/gwas/studies/GCST000207
disease,Crohn's disease,Crohn's disease,GCST000042,17554300,Wellcome Trust Case Control Consortium,2007,Crohn's disease,False,True,"1,748 European ancestry cases, 2,938 European ancestry controls | (see Parkes 2007)",https://www.ebi.ac.uk/gwas/studies/GCST000042
disease,Crohn's disease,Crohn's disease,GCST000039,17554261,Parkes M,2007,Crohn's disease,False,True,"1,748 cases, 2,938 controls | 1,182 European ancestry cases, 2,024 European ancestry controls",https://www.ebi.ac.uk/gwas/studies/GCST000039
disease,Crohn's disease,Crohn's disease,GCST000879,21102463,Franke A,2010,Crohn's disease,True,True,"6,333 European ancestry cases, 15,056 European ancestry controls | 15,694 European ancestry cases, 14,026 European ancestry controls, 414 European ancestry trio",https://www.ebi.ac.uk/gwas/studies/GCST000879
disease,Crohn's disease,Crohn's disease,GCST000705,20570966,McGovern DP,2010,Crohn's disease,False,True,"896 European ancestry cases, 3,204 European ancestry controls | 1,174 European ancestry cases, 357 European ancestry controls",https://www.ebi.ac.uk/gwas/studies/GCST000705
disease,Crohn's disease,Crohn's disease,GCST000014,17447842,Libioulle C,2007,Crohn's disease,False,True,"547 European ancestry cases, 928 European ancestry controls | 1,266 European ancestry cases, 559 European ancestry controls, Up to 428 European ancestry trios",https://www.ebi.ac.uk/gwas/studies/GCST000014
disease,Crohn's disease,Crohn's disease,GCST001396,22293688,Huang J,2012,Crohn's disease,False,True,"16,179 European ancestry individuals | NA",https://www.ebi.ac.uk/gwas/studies/GCST001396
disease,Crohn's disease,Crohn's disease,GCST001438,22412388,Kenny EE,2012,Crohn's disease,False,True,"737 Ashkenazi Jewish cases, 2,257  Ashkenazi Jewish controls | 971 Ashkenazi Jewish cases, 2,124 Ashkenazi Jewish controls",https://www.ebi.ac.uk/gwas/studies/GCST001438
disease,Crohn's disease,Crohn's disease,GCST001729,23128233,Jostins L,2012,Crohn's disease,False,True,"Up to 12,924 European ancestry cases, up to 21,442 European ancestry controls  | Up to 25,683 European ancestry cases, up to 17,015 European ancestry controls ",https://www.ebi.ac.uk/gwas/studies/GCST001729
disease,Crohn's disease,Crohn's disease,GCST000071,17804789,Raelson JV,2007,Crohn's disease,False,True,"382 French Canadian founder trios | 750 European ancestry cases, 828 European ancestry controls, 521 European ancestry trios",https://www.ebi.ac.uk/gwas/studies/GCST000071
disease,Crohn's disease,Crohn's disease,GCST000066,17684544,Franke A,2007,Crohn's disease,False,True,"393 European ancestry cases, 399 European ancestry controls | 375 European ancestry trios, 1,395 European ancestry cases, 1,603 European ancestry controls, 454 ",https://www.ebi.ac.uk/gwas/studies/GCST000066
disease,Crohn's disease,Crohn's disease,GCST001652,22936669,Julià A,2012,Crohn's disease,False,True,"1,277 European ancestry cases, 1,488 European ancestry controls | 1,365 European ancestry cases, 1,396 European ancestry controls",https://www.ebi.ac.uk/gwas/studies/GCST001652
disease,Crohn's disease,Crohn's disease,GCST004132,28067908,de Lange KM,2017,Crohn's disease,True,True,"12,194 European and unknown ancestry cases, 28,072 European and unknown ancestry controls | NA",https://www.ebi.ac.uk/gwas/studies/GCST004132
disease,Crohn's disease,Crohn's disease,GCST90020071,35232999,Garcia-Etxebarria K,2022,Crohn's disease,True,True,"284 European ancestry cases, 935 European ancestry controls | NA",https://www.ebi.ac.uk/gwas/studies/GCST90020071
disease,Crohn's disease,Crohn's disease,GCST90129433,37219871,Zorina-Lichtenwalter K,2023,Crohn's disease,True,True,"1,826 European ancestry cases, 201,030 European ancestry controls | NA",https://www.ebi.ac.uk/gwas/studies/GCST90129433
disease,Crohn's disease,Crohn's disease,GCST90081488,34662886,Backman JD,2021,Crohn's disease,True,True,"2,106 European ancestry cases, 321,797 European ancestry controls | NA",https://www.ebi.ac.uk/gwas/studies/GCST90081488
disease,Crohn's disease,Crohn's disease,GCST90726686,41896352,Kim HI,2026,Crohn's disease,True,True,"313 British Bangladeshi or British Pakistani cases, 43,713 British Bangladeshi or British Pakistani controls | 11,863 British Bangladeshi or British Pakistani i",https://www.ebi.ac.uk/gwas/studies/GCST90726686
disease,Crohn's disease,Crohn's disease,GCST90301325,37262302,Khrom M,2023,Crohn's disease,False,True,"8,653 European ancestry male cases, 16,780 European ancestry male controls | NA",https://www.ebi.ac.uk/gwas/studies/GCST90301325
disease,Crohn's disease,Crohn's disease,GCST90301326,37262302,Khrom M,2023,Crohn's disease,False,True,"10,760 European ancestry female cases, 22,345 European ancestry female controls | NA",https://www.ebi.ac.uk/gwas/studies/GCST90301326
disease,Crohn's disease,Crohn's disease,GCST90301327,37262302,Khrom M,2023,Crohn's disease,False,True,"19,413 European ancestry cases, 39,125 European ancestry controls | NA",https://www.ebi.ac.uk/gwas/studies/GCST90301327
disease,Crohn's disease,Crohn's disease,GCST90475318,39024449,Verma A,2024,Crohn's disease,True,True,"2,256 European ancestry cases, 313,412 European ancestry controls | NA",https://www.ebi.ac.uk/gwas/studies/GCST90475318
disease,inflammatory bowel disease,inflammatory bowel disease,GCST006960,26490195,Cleynen I,2015,Inflammatory bowel disease,False,True,"16,902 European ancestry Crohn's disease cases, 12,597 European ancestry ulcerative colitis cases, 339 European ancestry cases | 2,453 European ancestry Crohn's",https://www.ebi.ac.uk/gwas/studies/GCST006960
disease,inflammatory bowel disease,inflammatory bowel disease,GCST011501,33608531,Wu Y,2021,Inflammatory bowel disease,False,True,"7,045 European ancestry cases, 449,282 European ancestry controls | NA",https://www.ebi.ac.uk/gwas/studies/GCST011501
disease,inflammatory bowel disease,inflammatory bowel disease,GCST011538,33591409,Koskela M,2021,Inflammatory bowel disease,False,True,"49 Finnish ancestry cases, 18,757 Finnish ancestry controls | NA",https://www.ebi.ac.uk/gwas/studies/GCST011538
disease,inflammatory bowel disease,inflammatory bowel disease,GCST000008,17068223,Duerr RH,2006,Inflammatory bowel disease,False,True,"547 European ancestry cases, 548 European ancestry controls | 1,151 cases from 595 families, 433 controls",https://www.ebi.ac.uk/gwas/studies/GCST000008
disease,inflammatory bowel disease,inflammatory bowel disease,GCST000225,18758464,Kugathasan S,2008,Inflammatory bowel disease,False,True,"1,011 European ancestry cases, 4,250 European ancestry controls | 1,922 European ancestry cases, 14,124 European ancestry controls",https://www.ebi.ac.uk/gwas/studies/GCST000225
disease,inflammatory bowel disease,inflammatory bowel disease,GCST000531,19915574,Imielinski M,2009,Inflammatory bowel disease (early onset),False,True,"2,413 European ancestry cases, 6,158 European ancestry controls | 1,013 European ancestry cases, 5,805 European ancestry controls",https://www.ebi.ac.uk/gwas/studies/GCST000531
disease,inflammatory bowel disease,inflammatory bowel disease,GCST001725,23128233,Jostins L,2012,Inflammatory bowel disease,False,True,"12,924 European ancestry cases, 21,442 European ancestry controls | 25,683 European ancestry cases, 17,015 European ancestry controls",https://www.ebi.ac.uk/gwas/studies/GCST001725
disease,inflammatory bowel disease,inflammatory bowel disease,GCST005837,28658209,Huang H,2017,Inflammatory bowel disease,False,True,"up to 20,155 European ancestry Crohn's disease cases, up to 15,191 European ancestry ulcerative colitis cases, up to 34,257 European ancestry controls | NA",https://www.ebi.ac.uk/gwas/studies/GCST005837
disease,inflammatory bowel disease,inflammatory bowel disease,GCST004131,28067908,de Lange KM,2017,Inflammatory bowel disease,True,True,"25,042 European and unknown ancestry cases, 34,915 European and unknown ancestry controls | NA",https://www.ebi.ac.uk/gwas/studies/GCST004131
disease,inflammatory bowel disease,inflammatory bowel disease,GCST90428829,38616254,Yu X,2024,B-cell lymphoblastic leukemia or inflammatory bowel disease (pleiotropy),False,True,"25,042 European ancestry inflammatory bowel disease cases, 5,321 European ancestry B-ALL cases, 51,581 European ancestry controls | NA",https://www.ebi.ac.uk/gwas/studies/GCST90428829
disease,inflammatory bowel disease,inflammatory bowel disease,GCST90013901,34017140,Mbatchou J,2021,Inflammatory bowel disease (Firth correction),True,True,"404,781 British ancestry individuals | NA",https://www.ebi.ac.uk/gwas/studies/GCST90013901
disease,inflammatory bowel disease,inflammatory bowel disease,GCST90013951,34017140,Mbatchou J,2021,Inflammatory bowel disease (SPA correction),True,True,"404,781 British ancestry individuals | NA",https://www.ebi.ac.uk/gwas/studies/GCST90013951
disease,inflammatory bowel disease,inflammatory bowel disease,GCST90014445,34278373,Glanville KP,2021,Inflammatory bowel disease,True,True,"3,538 European ancestry cases, 324,074 European ancestry controls | NA",https://www.ebi.ac.uk/gwas/studies/GCST90014445
disease,inflammatory bowel disease,inflammatory bowel disease,GCST90014444,34278373,Glanville KP,2021,Inflammatory bowel disease,True,True,"5,105 European ancestry cases, 324,074 European ancestry controls | NA",https://www.ebi.ac.uk/gwas/studies/GCST90014444
disease,inflammatory bowel disease,inflammatory bowel disease,GCST90020070,35232999,Garcia-Etxebarria K,2022,Inflammatory bowel disease,True,True,"498 European ancestry cases, 935 European ancestry controls | NA",https://www.ebi.ac.uk/gwas/studies/GCST90020070
disease,inflammatory bowel disease,inflammatory bowel disease,GCST90503485,39792054,Zhu Z,2025,Inflammatory bowel disease (MTAG),False,True,"12,882 European ancestry inflammatory bowel disease cases, 5,956 European ancestry Crohn's disease cases, 6,968 European ancestry ulcerative colitis cases, 57,1",https://www.ebi.ac.uk/gwas/studies/GCST90503485
disease,inflammatory bowel disease,inflammatory bowel disease,GCST90432147,37965154,Jiang Y,2023,"ICD10 K50, K51: inflammatory bowel disease",False,True,"116,382 European ancestry cases, 213,325 European ancestry controls | NA",https://www.ebi.ac.uk/gwas/studies/GCST90432147
disease,inflammatory bowel disease,inflammatory bowel disease,GCST90081489,34662886,Backman JD,2021,Inflammatory bowel disease - strict composite,True,True,"5,509 European ancestry cases, 321,797 European ancestry controls | NA",https://www.ebi.ac.uk/gwas/studies/GCST90081489
disease,inflammatory bowel disease,inflammatory bowel disease,GCST90081491,34662886,Backman JD,2021,Inflammatory bowel disease,True,True,"5,650 European ancestry cases, 298,738 European ancestry controls | NA",https://www.ebi.ac.uk/gwas/studies/GCST90081491
disease,inflammatory bowel disease,inflammatory bowel disease,GCST90225550,36446896,Mize TJ,2022,Inflammatory bowel disease,True,True,"4,859 European ancestry cases, 330,594 European ancestry controls | NA",https://www.ebi.ac.uk/gwas/studies/GCST90225550
disease,inflammatory bowel disease,inflammatory bowel disease,GCST90297571,38185688,Auwerx C,2024,"ICD10 K50, K51: inflammatory bowel disease (CNV mirror model)",True,True,"4,873 British ancestry cases, 224,884 British ancestry controls | 868 European ancestry cases, 69,322 European ancestry controls",https://www.ebi.ac.uk/gwas/studies/GCST90297571
disease,inflammatory bowel disease,inflammatory bowel disease,GCST90297625,38185688,Auwerx C,2024,"ICD10 K50, K51: inflammatory bowel disease (CNV U-shape model)",True,True,"4,873 British ancestry cases, 224,884 British ancestry controls | 868 European ancestry cases, 69,322 European ancestry controls",https://www.ebi.ac.uk/gwas/studies/GCST90297625
disease,inflammatory bowel disease,inflammatory bowel disease,GCST90271321,36753304,Gong W,2023,Inflammatory bowel disease or major depressive disorder (pleiotropy),False,True,"7,045 European ancestry inflammatory bowel disease cases, 170,056 European ancestry major depressive disorder cases, 778,725 European ancestry controls | NA",https://www.ebi.ac.uk/gwas/studies/GCST90271321
disease,inflammatory bowel disease,inflammatory bowel disease,GCST90271322,36753304,Gong W,2023,Inflammatory bowel disease or schizophrenia (pleiotropy),False,True,"7,045 European ancestry inflammatory bowel disease cases, 40,675 European ancestry schizophrenia cases, 513,925 European ancestry controls | NA",https://www.ebi.ac.uk/gwas/studies/GCST90271322
disease,inflammatory bowel disease,inflammatory bowel disease,GCST90271323,36753304,Gong W,2023,Inflammatory bowel disease or bipolar disorder (pleiotropy),False,True,"7,045 European ancestry inflammatory bowel disease cases, 41,917 European ancestry bipolar disorder cases, 820,831 European ancestry controls | NA",https://www.ebi.ac.uk/gwas/studies/GCST90271323
disease,inflammatory bowel disease,inflammatory bowel disease,GCST90271324,36753304,Gong W,2023,Inflammatory bowel disease or anorexia nervosa (pleiotropy),False,True,"7,045 European ancestry inflammatory bowel disease cases, 16,992 European ancestry anorexia nervosa cases, 504,807 European ancestry controls | NA",https://www.ebi.ac.uk/gwas/studies/GCST90271324
disease,inflammatory bowel disease,inflammatory bowel disease,GCST90301317,37262302,Khrom M,2023,Inflammatory bowel disease,False,True,"16,421 European ancestry male cases, 16,780 European ancestry male controls | NA",https://www.ebi.ac.uk/gwas/studies/GCST90301317
disease,inflammatory bowel disease,inflammatory bowel disease,GCST90301318,37262302,Khrom M,2023,Inflammatory bowel disease,False,True,"18,158 European ancestry female cases, 22,345 European ancestry female controls | NA",https://www.ebi.ac.uk/gwas/studies/GCST90301318
disease,inflammatory bowel disease,inflammatory bowel disease,GCST90301319,37262302,Khrom M,2023,Inflammatory bowel disease,False,True,"34,579 European ancestry cases, 39,125 European ancestry controls | NA",https://www.ebi.ac.uk/gwas/studies/GCST90301319
disease,inflammatory bowel disease,inflammatory bowel disease,GCST90301320,37262302,Khrom M,2023,Inflammatory bowel disease x sex interaction (2df),False,True,"34,579 European ancestry cases, 39,125 European ancestry controls | NA",https://www.ebi.ac.uk/gwas/studies/GCST90301320
disease,inflammatory bowel disease,inflammatory bowel disease,GCST90454173,38102678,Jiang M,2023,FEV1 or inflammatory bowel disease (pleiotropy),False,True,"400,102 European ancestry individuals with FEV1 measurement, 13,810 European ancestry IBD cases, 776,545 European ancestry controls | NA",https://www.ebi.ac.uk/gwas/studies/GCST90454173
disease,inflammatory bowel disease,inflammatory bowel disease,GCST90454177,38102678,Jiang M,2023,FVC or inflammatory bowel disease (pleiotropy),False,True,"400,102 European ancestry individuals with FVC measurement, 13,810 European ancestry IBD cases, 776,545 European ancestry controls | NA",https://www.ebi.ac.uk/gwas/studies/GCST90454177
disease,inflammatory bowel disease,inflammatory bowel disease,GCST90454181,38102678,Jiang M,2023,FEV1/FVC or inflammatory bowel disease (pleiotropy),False,True,"400,102 European ancestry individuals with FEV1/FVC measurement, 13,810 European ancestry IBD cases, 776,545 European ancestry controls | NA",https://www.ebi.ac.uk/gwas/studies/GCST90454181
disease,inflammatory bowel disease,inflammatory bowel disease,GCST90558090,40262193,Shigesi N,2025,Inflammatory bowel disease,True,True,"30,793 European ancestry cases, 354,447 European ancestry controls | NA",https://www.ebi.ac.uk/gwas/studies/GCST90558090
disease,inflammatory bowel disease,inflammatory bowel disease,GCST90558091,40262193,Shigesi N,2025,Inflammatory bowel disease,True,True,"2,869 European ancestry female cases, 162,403 European ancestry female controls | NA",https://www.ebi.ac.uk/gwas/studies/GCST90558091
disease,inflammatory bowel disease,inflammatory bowel disease,GCST90476065,39024449,Verma A,2024,Inflammatory bowel disease and other gasteroenteritis and colitis (PheCode 555),True,True,"7,837 European ancestry cases, 438,916 European ancestry controls | NA",https://www.ebi.ac.uk/gwas/studies/GCST90476065
disease,inflammatory bowel disease,inflammatory bowel disease,GCST90454586,38154582,Wang BR,2023,Bipolar disorder or inflammatory bowel disease (MTAG),False,True,"41,917 European ancestry bipolar disorder cases, 25,042 European ancestry inflammatory bowel disease cases, 406,464 European ancestry controls | NA",https://www.ebi.ac.uk/gwas/studies/GCST90454586
disease,inflammatory bowel disease,inflammatory bowel disease,GCST90297678,38185688,Auwerx C,2024,"ICD10 K50, K51: inflammatory bowel disease (CNV duplication-only model)",True,True,"4,873 British ancestry cases, 224,884 British ancestry controls | 868 European ancestry cases, 69,322 European ancestry controls",https://www.ebi.ac.uk/gwas/studies/GCST90297678
disease,inflammatory bowel disease,inflammatory bowel disease,GCST90297743,38185688,Auwerx C,2024,"ICD10 K50, K51: inflammatory bowel disease (CNV deletion-only model)",True,True,"4,873 British ancestry cases, 224,884 British ancestry controls | 868 European ancestry cases, 69,322 European ancestry controls",https://www.ebi.ac.uk/gwas/studies/GCST90297743
disease,inflammatory bowel disease,inflammatory bowel disease,GCST90302862,37377963,Wen YP,2023,Rheumatoid arthritis or inflammatory bowel disease,False,True,"5,082 European ancestry rheumatoid arthritis cases, 3,878 European ancestry inflammatory bowel disease cases, at least 447,182 European ancestry controls | NA",https://www.ebi.ac.uk/gwas/studies/GCST90302862
disease,inflammatory bowel disease,inflammatory bowel disease,GCST90473825,40770095,UK Biobank Whole-Genome Sequencing Consortium,2025,ICD10 K52: Other non-infective gastro-enteritis and colitis,True,True,"201 Ashkenazi Jewish cases, 2,662 Ashkenazi Jewish controls | NA",https://www.ebi.ac.uk/gwas/studies/GCST90473825
disease,inflammatory bowel disease,inflammatory bowel disease,GCST90473826,40770095,UK Biobank Whole-Genome Sequencing Consortium,2025,ICD10 K52: Other non-infective gastro-enteritis and colitis,True,True,"28,503 Non-Finnish European ancestry cases, 429,937 Non-Finnish European ancestry controls | NA",https://www.ebi.ac.uk/gwas/studies/GCST90473826
disease,inflammatory bowel disease,inflammatory bowel disease,GCST90085477,34662886,Backman JD,2021,Inflammatory bowel disease (Gene-based burden),True,True,"5,650 European ancestry cases, 298,738 European ancestry controls | NA",https://www.ebi.ac.uk/gwas/studies/GCST90085477
disease,inflammatory bowel disease,inflammatory bowel disease,GCST90085473,34662886,Backman JD,2021,Inflammatory bowel disease - loose composite (Gene-based burden),True,True,"5,509 European ancestry cases, 358,527 European ancestry controls | NA",https://www.ebi.ac.uk/gwas/studies/GCST90085473
disease,inflammatory bowel disease,inflammatory bowel disease,GCST90085475,34662886,Backman JD,2021,Inflammatory bowel disease - strict composite (Gene-based burden),True,True,"5,509 European ancestry cases, 321,797 European ancestry controls | NA",https://www.ebi.ac.uk/gwas/studies/GCST90085475
disease,inflammatory bowel disease,inflammatory bowel disease,GCST90081487,34662886,Backman JD,2021,Inflammatory bowel disease - loose composite,True,True,"5,509 European ancestry cases, 358,527 European ancestry controls | NA",https://www.ebi.ac.uk/gwas/studies/GCST90081487
